epoch,accuracy,dice_coefficient,learning_rate,loss,val_accuracy,val_dice_coefficient,val_loss
0,0.36986011266708374,0.06216182932257652,9.999999747378752e-05,0.9386208653450012,0.0286712646484375,0.04102209210395813,0.9617812037467957
1,0.2460433542728424,0.08743337541818619,9.999999747378752e-05,0.913038969039917,0.04219309613108635,0.0488959439098835,0.9557304382324219
2,0.1872815191745758,0.09551021456718445,9.999999747378752e-05,0.9050634503364563,0.02767435647547245,0.03819671645760536,0.9669208526611328
3,0.15627704560756683,0.10785377770662308,9.999999747378752e-05,0.8930402398109436,0.05781300738453865,0.04849798604846001,0.961394727230072
4,0.14876672625541687,0.11986532807350159,9.999999747378752e-05,0.8811352252960205,0.08584848791360855,0.04655486345291138,0.9643494486808777
5,0.11301098763942719,0.12680359184741974,9.999999747378752e-05,0.8743786811828613,0.0434468574821949,0.0534648597240448,0.9592671990394592
6,0.10205933451652527,0.13569557666778564,9.999999747378752e-05,0.8654517531394958,0.08116912841796875,0.09043600410223007,0.912457287311554
7,0.09526385366916656,0.14149697124958038,9.999999747378752e-05,0.8596718907356262,0.10455068200826645,0.0996076762676239,0.9107239246368408
8,0.08693879842758179,0.1568583995103836,9.999999747378752e-05,0.8450542688369751,0.02948760986328125,0.08803275227546692,0.9167525172233582
9,0.07350112497806549,0.16877737641334534,9.999999747378752e-05,0.8331170678138733,0.0315450020134449,0.09800346940755844,0.9141516089439392
10,0.07507717609405518,0.1932888776063919,9.999999747378752e-05,0.8086925745010376,0.03275299072265625,0.14632803201675415,0.8645063042640686
11,0.059915948659181595,0.18821515142917633,9.999999747378752e-05,0.8142529726028442,0.03634897992014885,0.20124192535877228,0.8077356815338135
12,0.049499280750751495,0.21753883361816406,9.999999747378752e-05,0.7845268249511719,0.03924306109547615,0.19926707446575165,0.8099692463874817
13,0.07755903899669647,0.22097112238407135,9.999999747378752e-05,0.7811728715896606,0.066253662109375,0.25895461440086365,0.7450418472290039
14,0.061690591275691986,0.22723454236984253,9.999999747378752e-05,0.7759653925895691,0.0412089042365551,0.26131394505500793,0.7424210906028748
15,0.06848213821649551,0.2636825740337372,9.999999747378752e-05,0.7399840950965881,0.0537261962890625,0.19814211130142212,0.8067424893379211
16,0.0759177953004837,0.2847447097301483,9.999999747378752e-05,0.7198167443275452,0.05649058148264885,0.2328876107931137,0.767993152141571
17,0.06673131138086319,0.28819453716278076,9.999999747378752e-05,0.7153751850128174,0.0728251114487648,0.2693052589893341,0.7346681952476501
18,0.0706072747707367,0.3066190481185913,9.999999747378752e-05,0.6969859004020691,0.0426991768181324,0.29319146275520325,0.7109892964363098
19,0.08813268691301346,0.2907096743583679,9.999999747378752e-05,0.7139275074005127,0.0418904609978199,0.30809375643730164,0.6955103278160095
20,0.09676291793584824,0.32962119579315186,9.999999747378752e-05,0.677128255367279,0.07108306884765625,0.3417247235774994,0.6627283692359924
21,0.14131511747837067,0.34449994564056396,9.999999747378752e-05,0.6619712710380554,0.17099253833293915,0.37514805793762207,0.627131998538971
22,0.10510392487049103,0.38135838508605957,9.999999747378752e-05,0.6249938011169434,0.1400655061006546,0.4495384693145752,0.5576818585395813
23,0.17426300048828125,0.3828130066394806,9.999999747378752e-05,0.6230185627937317,0.06798553466796875,0.42746853828430176,0.5831331610679626
24,0.1688685566186905,0.43002045154571533,9.999999747378752e-05,0.5787407755851746,0.0769399031996727,0.49990788102149963,0.5108610391616821
25,0.15219371020793915,0.4196535348892212,9.999999747378752e-05,0.5878523588180542,0.2365977019071579,0.5034089088439941,0.5038685202598572
26,0.13904964923858643,0.42322108149528503,9.999999747378752e-05,0.5854279398918152,0.0702158585190773,0.5060383677482605,0.5077162384986877
27,0.15477128326892853,0.4633219540119171,9.999999747378752e-05,0.5447627305984497,0.06240590289235115,0.537156343460083,0.47755441069602966
28,0.20672352612018585,0.49228692054748535,9.999999747378752e-05,0.5170556902885437,0.05242665484547615,0.5506684184074402,0.45705318450927734
29,0.19545376300811768,0.48577359318733215,9.999999747378752e-05,0.5228767991065979,0.0697682723402977,0.49375319480895996,0.5212163925170898
30,0.23529677093029022,0.4940294921398163,9.999999747378752e-05,0.5161314606666565,0.080047607421875,0.4571237564086914,0.5566590428352356
31,0.15342549979686737,0.5195351243019104,9.999999747378752e-05,0.49220719933509827,0.1216786727309227,0.49270114302635193,0.5193008184432983
32,0.21812115609645844,0.5359965562820435,9.999999747378752e-05,0.47436952590942383,0.0740712508559227,0.45498624444007874,0.5514037013053894
33,0.13683295249938965,0.5394813418388367,9.999999747378752e-05,0.4713286757469177,0.0783945694565773,0.6313168406486511,0.38152018189430237
34,0.20308177173137665,0.5278850197792053,9.999999747378752e-05,0.4837825298309326,0.297332763671875,0.3416926860809326,0.6750314235687256
35,0.21925978362560272,0.5695640444755554,9.999999747378752e-05,0.4451095759868622,0.0597788505256176,0.5160450339317322,0.49415889382362366
36,0.20455099642276764,0.5321018695831299,9.999999747378752e-05,0.48183512687683105,0.1533406525850296,0.5992581844329834,0.4086894989013672
37,0.2125861495733261,0.5707157254219055,9.999999747378752e-05,0.44382473826408386,0.18264515697956085,0.5580599904060364,0.4626122713088989
38,0.27718421816825867,0.570158064365387,9.999999747378752e-05,0.44209951162338257,0.13986460864543915,0.5741294026374817,0.4474369287490845
39,0.1447911113500595,0.6034552454948425,1.9999999494757503e-05,0.4094322621822357,0.1193135604262352,0.7123286128044128,0.29653045535087585
40,0.17389146983623505,0.6258063316345215,1.9999999494757503e-05,0.38377970457077026,0.10200754553079605,0.6216683983802795,0.3926558792591095
41,0.18479479849338531,0.6252403259277344,1.9999999494757503e-05,0.3851642608642578,0.0942535400390625,0.6777123808860779,0.337004154920578
42,0.19810138642787933,0.5990664958953857,1.9999999494757503e-05,0.41297638416290283,0.0981394425034523,0.6536131501197815,0.3615173101425171
43,0.1384982466697693,0.6315411925315857,1.9999999494757503e-05,0.3817620277404785,0.096954345703125,0.6851425170898438,0.3264259099960327
44,0.16249801218509674,0.5847104787826538,1.9999999494757503e-05,0.42653200030326843,0.1105194091796875,0.7342513203620911,0.28201448917388916
45,0.1419532150030136,0.6254013776779175,1.9999999494757503e-05,0.38819706439971924,0.095947265625,0.7283629775047302,0.28074678778648376
46,0.12439658492803574,0.6467762589454651,1.9999999494757503e-05,0.365194708108902,0.08184051513671875,0.7151704430580139,0.29853925108909607
47,0.19612398743629456,0.6177386045455933,1.9999999494757503e-05,0.3933251202106476,0.13682301342487335,0.7165763974189758,0.2956981360912323
48,0.13472771644592285,0.6344499588012695,1.9999999494757503e-05,0.37760844826698303,0.08199310302734375,0.6383662819862366,0.37862977385520935
49,0.24246862530708313,0.648827314376831,1.9999999494757503e-05,0.3618687093257904,0.12731678783893585,0.6805329918861389,0.3357381820678711
50,0.14332257211208344,0.6581819653511047,1.9999999494757503e-05,0.3543528616428375,0.10772451013326645,0.6700096130371094,0.350319504737854
51,0.1780795454978943,0.654409646987915,3.999999989900971e-06,0.35659682750701904,0.0895284041762352,0.6798962950706482,0.33228591084480286
52,0.17130903899669647,0.6357266306877136,3.999999989900971e-06,0.37794268131256104,0.08964284509420395,0.6397240161895752,0.3702809810638428
53,0.16940538585186005,0.6535048484802246,3.999999989900971e-06,0.35862842202186584,0.081329345703125,0.6208829879760742,0.39241859316825867
54,0.16996927559375763,0.6384095549583435,3.999999989900971e-06,0.3720216155052185,0.08984375,0.6726024746894836,0.33863672614097595
55,0.1641281545162201,0.6708784103393555,3.999999989900971e-06,0.34233358502388,0.0797831192612648,0.6095954775810242,0.3972347676753998
56,0.1454675793647766,0.6743282675743103,8.000000093488779e-07,0.3352819085121155,0.0980885848402977,0.6893813014030457,0.32020118832588196
57,0.1442928910255432,0.6377735137939453,8.000000093488779e-07,0.37466108798980713,0.08619435876607895,0.6671087145805359,0.3415182828903198
